{
    "normals":[-0.101138,-0.994629,-0.021241,0.548448,-0.833369,0.068178,-0.111911,-0.775536,0.621265,0.556536,-0.407025,0.724265,0.782769,0.535722,0.316538,0.281259,0.259102,0.923978,0.160344,0.036164,0.986389,-0.558977,0.233222,0.795679,0.016175,0.872524,0.488296,-0.220557,0.932859,0.284738,0.40846,0.757103,-0.509781,0.16126,0.983398,0.083163,-0.106052,0.942839,-0.315867,0.008301,0.509049,-0.860683,-0.657521,0.662404,-0.358928,0.907987,-0.130955,-0.397961,0.414167,-0.102298,-0.904416,-0.349406,-0.39259,-0.850734,-0.864193,-0.438581,-0.246467,-0.861263,-0.321635,0.393353,0.094852,-0.629902,-0.770837,0.22074,-0.949492,-0.222999],
    "name":"IcosphereGeometry.1",
    "metadata":{
        "normals":22,
        "uvs":0,
        "vertices":22,
        "version":3,
        "colors":2,
        "type":"Geometry",
        "generator":"io_three",
        "faces":40
    },
    "uvs":[],
    "vertices":[2.12154,-0.428539,1.01808,-2.72348,-0.462325,-0.154057,0.344803,0.012886,1.66393,2.60287,0.441972,0.363527,-0.547084,-0.697254,1.17639,2.18411,-0.789077,0.280359,1.20825,-0.948244,-0.282995,-0.515218,-0.991652,-0.061763,0.376729,-0.675386,-1.25304,2.77652,-0.064754,-0.434062,1.60867,0.025009,1.20843,-2.6777,-0.360225,0.479899,-2.09989,0.159814,1.1912,-1.33198,-0.45472,-1.33454,1.647,-0.00686,-1.17868,-0.09716,0.574847,-1.33607,-2.24179,0.5725,-0.431116,1.94743,0.514715,-0.705055,-0.101605,0.81676,0.811507,0.713256,0.967228,0.098534,-1.18496,0.867371,0.453653,-0.564382,1.00835,-0.66524],
    "faces":[160,7,5,4,0,1,2,0,0,0,160,0,5,3,3,1,4,0,0,0,160,0,3,10,3,4,5,0,0,0,160,4,2,12,2,6,7,0,0,0,160,2,3,18,6,4,8,0,0,0,160,12,18,20,7,8,9,0,0,0,160,3,17,19,4,10,11,0,0,0,160,19,17,21,11,10,12,0,0,0,160,17,15,21,10,13,12,0,0,0,160,15,16,21,13,14,12,0,0,0,160,21,20,19,12,9,11,0,0,0,160,21,16,20,12,14,9,0,0,0,160,16,12,20,14,7,9,0,0,0,160,20,18,19,9,8,11,0,0,0,160,18,3,19,8,4,11,0,0,0,160,9,17,3,15,10,4,0,0,0,160,9,14,17,15,16,10,0,0,0,160,14,15,17,16,13,10,0,0,0,160,13,16,15,17,14,13,0,0,0,160,1,11,16,18,19,14,0,0,0,160,11,12,16,19,7,14,0,0,0,160,12,2,18,7,6,8,0,0,0,160,10,3,2,5,4,6,0,0,0,160,14,8,15,16,20,13,0,0,0,160,8,13,15,20,17,13,0,0,0,160,13,1,16,17,18,14,0,0,0,160,11,4,12,19,2,7,0,0,0,160,2,4,10,6,2,5,0,0,0,160,4,0,10,2,3,5,0,0,0,160,3,5,9,4,1,15,0,0,0,160,5,14,9,1,16,15,0,0,0,160,6,8,14,21,20,16,0,0,0,160,6,7,8,21,0,20,0,0,0,160,7,13,8,0,17,20,0,0,0,160,7,1,13,0,18,17,0,0,0,160,7,11,1,0,19,18,0,0,0,160,7,4,11,0,2,19,0,0,0,160,5,6,14,1,21,16,0,0,0,160,5,7,6,1,0,21,0,0,0,160,5,0,4,1,3,2,0,0,0],
    "colors":[8819609,0]
}